instance_id,music_genre
48564,Rap
72394,Blues
88081,Rock
78331,Country
72636,Blues
74228,Electronic
39106,Anime
78829,Rap
91469,Blues
54558,Electronic
44055,Alternative
29671,Rap
56323,Rap
54809,Blues
55369,Blues
68566,Rock
53565,Classical
69565,Rock
39014,Electronic
28452,Electronic
40219,Anime
41832,Rap
50963,Country
58058,Rap
41339,Country
25263,Electronic
30932,Classical
65113,Electronic
43628,Country
82352,Rock
25868,Country
57582,Country
64912,Rap
30690,Alternative
58160,Blues
48352,Blues
32598,Rap
81733,Rap
68478,Anime
61070,Alternative
87062,Electronic
50604,Blues
51443,Alternative
79739,Electronic
52375,Country
43645,Alternative
51950,Alternative
62180,Anime
91491,Alternative
57217,Rock
30912,Anime
37289,Classical
58378,Country
83848,Rock
88071,Country
78696,Anime
73721,Rap
21431,Blues
33066,Jazz
71571,Hip-Hop
54360,Rap
61237,Country
43763,Blues
53222,Rap
24144,Country
35526,Rap
79272,Electronic
28682,Blues
78220,Classical
42113,Country
29197,Classical
73749,Country
76959,Classical
32662,Rap
28240,Blues
78684,Rap
23339,Alternative
66580,Electronic
62293,Country
73224,Country
63436,Country
85265,Alternative
49131,Jazz
42894,Jazz
32778,Rap
88626,Blues
20474,Electronic
57621,Electronic
68702,Blues
68429,Country
48412,Jazz
31462,Jazz
20258,Electronic
80048,Blues
36643,Blues
51269,Rap
36620,Electronic
47393,Alternative
34229,Electronic
27054,Country
74946,Alternative
79753,Blues
78997,Blues
90739,Rap
34604,Rap
48875,Rap
72374,Hip-Hop
84383,Blues
82285,Classical
49168,Rap
35219,Alternative
72531,Alternative
37626,Rap
74540,Country
22782,Rap
59663,Country
65605,Rap
63227,Rap
27942,Country
61120,Rock
59041,Electronic
67531,Electronic
89417,Electronic
51652,Alternative
23769,Blues
88512,Country
69103,Classical
25734,Country
35192,Blues
77761,Blues
58002,Rap
27331,Blues
90879,Electronic
66951,Country
21111,Country
36583,Alternative
69430,Country
26846,Blues
54227,Electronic
79612,Hip-Hop
36250,Jazz
71243,Electronic
41033,Classical
58600,Rap
64358,Blues
55882,Rap
67981,Rock
78157,Classical
39280,Anime
65167,Electronic
50033,Country
34067,Country
71541,Alternative
58044,Electronic
67611,Alternative
88524,Rap
50007,Electronic
36733,Alternative
55966,Country
29854,Blues
47533,Classical
84957,Rap
27733,Country
88890,Blues
71105,Jazz
87402,Blues
81300,Electronic
25948,Electronic
30686,Rock
27597,Anime
46658,Rap
33241,Anime
34855,Rap
39290,Alternative
61297,Classical
79393,Rap
85447,Electronic
24779,Blues
21888,Electronic
22450,Country
21637,Blues
76444,Anime
34627,Alternative
30361,Electronic
22862,Classical
55635,Classical
39392,Country
21530,Country
53803,Anime
79904,Country
79589,Alternative
38281,Classical
26187,Classical
65289,Anime
38631,Jazz
34026,Anime
81881,Blues
25877,Jazz
79755,Jazz
67894,Rap
50248,Country
32074,Anime
41890,Jazz
36233,Blues
63019,Jazz
31135,Rap
91653,Country
67493,Classical
45720,Blues
78113,Alternative
66990,Rock
33226,Rap
43840,Electronic
66599,Anime
37709,Hip-Hop
89646,Country
41952,Blues
90953,Blues
26762,Rock
62414,Jazz
54492,Country
22070,Anime
34735,Electronic
37276,Alternative
91709,Blues
79337,Electronic
32555,Alternative
28310,Alternative
60154,Electronic
89947,Alternative
67061,Blues
82280,Electronic
67551,Rock
49912,Alternative
44285,Alternative
62759,Classical
26763,Electronic
88251,Country
21144,Blues
39166,Hip-Hop
58756,Electronic
74087,Country
58075,Anime
49533,Country
79989,Electronic
58425,Electronic
62607,Anime
85075,Alternative
56756,Blues
28898,Jazz
42118,Blues
55409,Rap
31714,Alternative
41361,Electronic
30503,Country
45222,Rap
68913,Blues
74995,Country
47775,Alternative
37384,Alternative
49180,Anime
28678,Country
42464,Classical
79508,Country
62403,Classical
40756,Anime
85665,Classical
79277,Rap
23449,Electronic
82350,Country
61130,Hip-Hop
55562,Blues
78807,Electronic
67592,Classical
58204,Rap
42874,Alternative
76341,Rock
47432,Alternative
22904,Anime
42683,Alternative
72925,Classical
25202,Country
23994,Rock
41096,Classical
53503,Anime
83671,Alternative
59711,Alternative
61562,Rap
67914,Electronic
50650,Jazz
32141,Country
50317,Country
51665,Blues
70042,Rap
27911,Electronic
40311,Anime
49904,Rap
47588,Jazz
44657,Country
23053,Rap
42143,Rap
77852,Electronic
58240,Anime
67419,Electronic
75524,Alternative
29774,Rap
60161,Rap
45935,Country
50100,Blues
27735,Rap
22155,Rap
28074,Blues
70652,Rap
73891,Alternative
67578,Country
48379,Anime
53364,Classical
46115,Electronic
80693,Rap
86176,Blues
69079,Classical
29436,Hip-Hop
55813,Alternative
78708,Blues
81049,Blues
36822,Country
22274,Rap
41472,Rap
69744,Jazz
85910,Alternative
79522,Rap
86953,Alternative
65953,Anime
70639,Electronic
79193,Rap
35294,Anime
77931,Rock
63066,Blues
68106,Anime
85652,Country
68770,Alternative
75085,Rap
80369,Electronic
79286,Rap
63102,Country
86706,Blues
49496,Rap
43631,Blues
28056,Alternative
37736,Alternative
60812,Alternative
23204,Rap
54161,Electronic
30121,Blues
66816,Anime
82621,Electronic
28760,Rap
85574,Rock
27085,Rap
58429,Country
39227,Rap
75952,Rap
83656,Alternative
58626,Country
76948,Country
40834,Jazz
66252,Blues
59319,Alternative
62342,Rap
32156,Electronic
35817,Electronic
77770,Rap
25530,Electronic
67138,Rock
74197,Country
28720,Classical
34223,Electronic
59705,Blues
26142,Rap
46526,Blues
23005,Classical
59474,Anime
45707,Rap
27027,Classical
57553,Alternative
90987,Rap
41262,Blues
78385,Alternative
30750,Rap
65283,Electronic
45981,Blues
65943,Electronic
22917,Electronic
81906,Classical
47576,Classical
83134,Blues
77843,Classical
30061,Rap
85448,Country
58815,Blues
39610,Rap
28228,Blues
20724,Electronic
39201,Electronic
77056,Rap
52020,Classical
22943,Country
87928,Jazz
91571,Rap
35921,Alternative
86157,Country
61361,Country
61824,Anime
91068,Country
26519,Alternative
54567,Blues
84864,Hip-Hop
86854,Blues
28672,Anime
89590,Jazz
40950,Blues
84346,Blues
88444,Anime
84165,Electronic
54821,Rap
49692,Blues
46715,Blues
52010,Country
82981,Classical
25725,Alternative
30019,Blues
35896,Classical
79523,Rap
86615,Rap
22846,Classical
69121,Rap
87501,Country
60441,Blues
59679,Country
73116,Electronic
79128,Electronic
77924,Alternative
50103,Blues
32687,Classical
36166,Country
23042,Blues
86267,Jazz
86002,Anime
54217,Electronic
32061,Alternative
90641,Rock
25215,Jazz
76746,Jazz
55403,Rap
53545,Country
28508,Electronic
34635,Alternative
83181,Rap
40431,Rock
53432,Alternative
72380,Alternative
91547,Country
21329,Country
48834,Rock
60260,Country
62596,Rap
88414,Electronic
27670,Rap
20184,Alternative
74754,Alternative
51779,Country
44229,Rap
38429,Blues
52175,Alternative
74508,Electronic
38226,Classical
88033,Classical
46508,Rap
28366,Electronic
43879,Alternative
76786,Country
79751,Rap
68264,Blues
35263,Rap
27380,Rap
43617,Blues
66753,Classical
81392,Country
87466,Anime
43503,Blues
64420,Classical
79663,Alternative
69705,Anime
23454,Blues
89415,Rap
85299,Rap
52464,Rap
87262,Country
82220,Classical
53978,Electronic
26077,Classical
34361,Alternative
79197,Blues
44679,Blues
87060,Anime
69407,Rap
24344,Country
32903,Electronic
81260,Rap
87783,Alternative
59070,Electronic
84713,Electronic
39540,Country
87881,Electronic
62139,Rap
34809,Rap
25628,Alternative
45163,Anime
30628,Electronic
88973,Anime
79958,Rap
39602,Electronic
67145,Rap
31157,Rap
89361,Blues
38655,Alternative
30081,Rock
85900,Blues
73908,Rock
40349,Blues
54879,Anime
67338,Anime
37894,Blues
83715,Rap
27123,Alternative
91289,Country
53547,Rap
78358,Alternative
73070,Classical
85231,Blues
57054,Classical
26421,Classical
84532,Anime
65393,Rock
27409,Rap
54312,Classical
74195,Rap
48112,Electronic
48227,Electronic
67568,Country
38819,Blues
29974,Rap
75851,Alternative
38200,Rap
34119,Electronic
47538,Rap
50199,Electronic
27378,Rap
54292,Country
25808,Classical
64587,Alternative
75010,Rock
87791,Alternative
85250,Country
62104,Anime
57713,Alternative
79767,Electronic
57625,Anime
21071,Classical
54208,Anime
22607,Alternative
28279,Rock
33901,Blues
35304,Classical
73033,Blues
43728,Blues
38952,Electronic
35753,Blues
87301,Country
68674,Blues
89545,Hip-Hop
84037,Rap
40629,Rap
66762,Electronic
38489,Blues
50798,Electronic
59440,Blues
65178,Electronic
89685,Rock
75272,Electronic
86956,Alternative
54030,Blues
82915,Blues
52094,Alternative
51792,Country
28284,Jazz
20113,Alternative
87653,Electronic
35743,Country
26678,Alternative
73596,Alternative
51560,Alternative
56709,Rap
24928,Electronic
53403,Rock
22619,Electronic
53744,Rap
54616,Anime
61554,Country
69985,Blues
77452,Country
23419,Rap
33908,Blues
28964,Electronic
76506,Country
33456,Rap
24191,Country
71957,Blues
60030,Alternative
67030,Electronic
48507,Rap
70915,Anime
46551,Country
89424,Anime
44108,Electronic
75115,Anime
22398,Country
80442,Blues
28649,Blues
44755,Jazz
40871,Anime
81727,Classical
90895,Anime
80298,Blues
36834,Electronic
64081,Alternative
42371,Blues
30453,Electronic
36618,Jazz
61161,Blues
69958,Blues
77541,Classical
39478,Anime
53182,Electronic
91376,Blues
74527,Blues
37367,Jazz
85484,Alternative
78633,Country
48596,Classical
74826,Alternative
80998,Rap
53417,Country
57049,Country
33615,Electronic
80751,Hip-Hop
61234,Blues
62521,Alternative
23508,Country
87143,Blues
77220,Rap
78207,Rap
39623,Country
39015,Hip-Hop
67572,Blues
82669,Classical
46911,Rap
76013,Blues
80753,Rap
48074,Anime
64825,Classical
63874,Electronic
57271,Electronic
51202,Blues
67118,Rap
83814,Country
39573,Rap
84886,Jazz
86847,Blues
82518,Rap
42067,Alternative
48139,Blues
56337,Anime
88537,Rap
59730,Electronic
32174,Rock
73134,Electronic
44579,Rap
31042,Rap
73932,Rock
88390,Country
83099,Electronic
84090,Anime
78602,Blues
49931,Rap
35740,Electronic
54430,Blues
36997,Country
46176,Blues
59673,Electronic
79201,Rap
83689,Electronic
84282,Alternative
77132,Alternative
66739,Hip-Hop
88734,Rock
83245,Hip-Hop
25710,Blues
39970,Country
76018,Blues
44135,Rap
70179,Classical
83697,Country
36561,Blues
84578,Blues
70828,Anime
83492,Alternative
27262,Blues
51203,Alternative
58158,Electronic
61086,Blues
67100,Rap
25075,Classical
88257,Blues
51359,Country
39806,Blues
83290,Blues
71123,Rap
75263,Blues
21285,Anime
39144,Anime
81556,Electronic
75841,Blues
72512,Classical
70076,Hip-Hop
20475,Electronic
60876,Country
66334,Jazz
46536,Electronic
21821,Electronic
66861,Blues
59942,Rap
61748,Anime
30388,Alternative
38184,Jazz
47767,Rap
33039,Jazz
85876,Alternative
49775,Blues
33221,Blues
20810,Electronic
36524,Country
79824,Anime
28907,Alternative
36410,Classical
85580,Blues
62021,Classical
35234,Blues
41738,Alternative
30543,Blues
32989,Alternative
28163,Anime
33828,Blues
67600,Classical
61671,Anime
44146,Electronic
63726,Rock
84088,Electronic
28335,Rock
88531,Hip-Hop
22198,Blues
38212,Rap
66928,Jazz
85196,Blues
27991,Electronic
90666,Blues
31945,Country
86909,Electronic
69376,Rap
63721,Alternative
47711,Anime
26007,Blues
50041,Rock
23664,Blues
84668,Country
59235,Rock
82927,Rap
56602,Rap
51534,Anime
29908,Electronic
62571,Jazz
38427,Rock
49885,Electronic
68035,Electronic
47258,Blues
32688,Jazz
69783,Alternative
58518,Blues
25785,Electronic
40674,Rock
74474,Alternative
60437,Blues
23622,Rap
45052,Jazz
70889,Blues
75764,Blues
46132,Country
44894,Blues
67077,Rap
26779,Rap
90219,Electronic
91167,Country
54884,Rap
64678,Electronic
72419,Rap
83764,Alternative
28186,Jazz
44624,Rap
60777,Alternative
43148,Hip-Hop
52203,Electronic
46274,Blues
80212,Anime
27001,Rap
34554,Rap
89072,Rap
44487,Country
82282,Electronic
54254,Blues
82299,Hip-Hop
84743,Blues
54079,Anime
60209,Blues
33289,Rap
85846,Rap
37991,Rap
72003,Classical
62836,Alternative
25381,Blues
61659,Jazz
71642,Anime
80286,Rap
30541,Rock
31155,Rap
46418,Blues
82955,Alternative
70585,Electronic
88180,Country
62783,Electronic
50771,Rap
21105,Hip-Hop
84877,Country
78148,Alternative
67139,Anime
56479,Country
90177,Electronic
63384,Anime
23928,Electronic
60749,Jazz
68536,Alternative
79598,Anime
25252,Rap
60822,Country
77505,Anime
22240,Electronic
49113,Alternative
41580,Classical
61907,Blues
32568,Blues
39605,Country
64719,Classical
23473,Classical
20307,Electronic
56738,Rap
35991,Blues
73523,Blues
37642,Jazz
81112,Blues
32712,Alternative
54062,Alternative
73419,Anime
22248,Country
55308,Rock
45343,Alternative
29305,Alternative
73902,Country
51267,Rap
25157,Alternative
36521,Rap
67241,Electronic
37570,Hip-Hop
22494,Rap
86486,Blues
39626,Classical
90012,Blues
82025,Blues
63481,Classical
42187,Rap
47892,Alternative
83995,Rap
68152,Country
47899,Classical
54923,Rock
27286,Electronic
43508,Hip-Hop
43609,Jazz
37814,Country
82006,Jazz
37701,Electronic
53248,Anime
88692,Rap
50223,Blues
50528,Rap
39604,Rap
63225,Anime
89175,Rock
46776,Electronic
44480,Classical
47890,Blues
59958,Blues
71497,Anime
81884,Electronic
25192,Blues
47627,Jazz
39869,Country
27854,Rock
87753,Electronic
72961,Electronic
44528,Blues
40270,Rap
75334,Country
82276,Electronic
52182,Blues
53685,Rap
88872,Rap
57298,Electronic
70416,Blues
63095,Electronic
37324,Rap
65017,Rap
36441,Anime
75545,Country
26520,Anime
30517,Classical
90819,Anime
56008,Blues
46832,Blues
57028,Rap
27156,Country
62455,Classical
55149,Classical
22170,Blues
68329,Hip-Hop
22554,Electronic
74505,Rap
46114,Hip-Hop
81510,Anime
43169,Jazz
69755,Hip-Hop
24200,Classical
33600,Electronic
55719,Country
64201,Classical
24202,Blues
33488,Blues
46652,Anime
32250,Electronic
27917,Anime
73828,Electronic
34363,Electronic
46939,Alternative
78931,Blues
23749,Country
53574,Electronic
55328,Classical
87246,Country
31058,Alternative
80721,Rap
42908,Country
25612,Country
22781,Anime
34175,Anime
26434,Classical
90160,Alternative
65631,Electronic
85393,Rap
52736,Country
87139,Anime
40831,Blues
28938,Blues
86484,Blues
71536,Blues
87650,Rap
74169,Alternative
87417,Anime
58181,Rock
75896,Rap
83022,Electronic
34209,Classical
74159,Alternative
33612,Electronic
68424,Anime
75224,Rock
49084,Rap
45005,Alternative
26427,Country
39702,Rap
45739,Electronic
38698,Rap
36109,Jazz
84104,Rap
74096,Blues
33130,Electronic
57815,Classical
79081,Rap
43010,Blues
74107,Rock
33331,Blues
86104,Blues
20012,Electronic
87531,Electronic
52242,Electronic
45150,Alternative
34334,Blues
51250,Classical
51276,Electronic
70498,Rap
88987,Rock
66713,Rap
69517,Hip-Hop
84021,Country
49799,Rock
22006,Rap
87612,Country
63177,Blues
26673,Alternative
31830,Electronic
61556,Country
42500,Rap
59584,Electronic
22334,Jazz
47182,Alternative
85252,Electronic
32028,Alternative
69980,Rap
39937,Anime
74062,Country
70923,Country
73539,Hip-Hop
67129,Blues
60571,Classical
46242,Jazz
91648,Electronic
28401,Country
62330,Classical
60498,Alternative
85106,Electronic
25234,Rap
68305,Blues
90043,Country
86790,Electronic
90184,Jazz
80511,Rap
79134,Country
41645,Blues
58428,Rock
63966,Classical
86312,Electronic
91144,Anime
60788,Electronic
88837,Electronic
28081,Classical
77370,Rap
68731,Electronic
25926,Anime
42355,Electronic
56055,Blues
73476,Alternative
20833,Anime
89357,Alternative
89341,Rap
70183,Blues
36052,Rap
61683,Alternative
78218,Electronic
77796,Rap
83620,Anime
34352,Alternative
23649,Rap
28960,Jazz
50688,Alternative
39564,Country
78713,Electronic
52610,Alternative
75891,Blues
85932,Blues
23968,Electronic
59522,Alternative
70467,Country
85663,Country
88921,Blues
36991,Blues
78594,Rap
31794,Blues
48500,Country
61995,Blues
83252,Electronic
88471,Rap
53035,Blues
24075,Country
59115,Electronic
39593,Rock
69884,Classical
57179,Country
24444,Alternative
44582,Electronic
31641,Blues
20089,Blues
73942,Rap
48014,Blues
78231,Blues
27833,Country
52213,Electronic
77273,Rock
27315,Anime
87220,Classical
45858,Rap
36062,Rock
90700,Rap
42993,Rap
70517,Rap
51375,Alternative
49585,Rock
25399,Classical
86456,Country
60340,Electronic
23077,Blues
91043,Classical
26761,Blues
35454,Country
45214,Blues
44686,Rock
21559,Classical
88556,Electronic
31223,Country
82000,Alternative
45271,Anime
37980,Electronic
42445,Country
39078,Rock
77133,Country
55873,Country
37061,Country
69588,Anime
51445,Rap
84941,Blues
76352,Country
65009,Classical
84111,Rock
32725,Country
27138,Anime
59133,Blues
60238,Blues
27294,Country
36686,Jazz
27011,Jazz
77838,Country
82126,Rock
82655,Rap
50749,Electronic
70428,Alternative
34710,Blues
76120,Rock
68679,Rap
51605,Electronic
46410,Rap
43547,Anime
80709,Electronic
69711,Anime
43177,Alternative
55488,Country
71185,Blues
44391,Classical
48201,Electronic
55364,Hip-Hop
83340,Electronic
32746,Blues
27811,Blues
43746,Classical
53594,Country
57945,Blues
45598,Blues
24678,Electronic
75863,Alternative
90662,Alternative
20293,Alternative
58664,Rap
91562,Country
35993,Blues
52846,Blues
67585,Country
53600,Classical
84770,Hip-Hop
65387,Electronic
54970,Alternative
75651,Rap
52541,Rap
70020,Blues
71932,Blues
68393,Alternative
42738,Rap
63970,Electronic
84582,Rap
53269,Rap
40371,Anime
26213,Electronic
51394,Country
39889,Anime
58811,Country
56696,Jazz
67817,Electronic
44562,Country
61463,Anime
62339,Country
66487,Electronic
64087,Classical
22515,Alternative
61909,Country
90415,Country
60814,Jazz
22877,Anime
26870,Electronic
48662,Classical
60357,Rap
63050,Electronic
61232,Country
51782,Alternative
63890,Alternative
36296,Rap
67990,Blues
68906,Rap
69455,Electronic
67875,Anime
71487,Anime
33186,Alternative
54323,Rock
42456,Blues
69741,Classical
41914,Alternative
35208,Classical
69878,Rap
65984,Anime
80482,Anime
21353,Rap
83945,Anime
36879,Jazz
63741,Rap
74739,Country
30089,Rock
21957,Electronic
34489,Classical
79898,Blues
79232,Rock
66939,Rap
66425,Rap
90367,Classical
72693,Electronic
23392,Electronic
32818,Blues
62881,Alternative
58433,Classical
51099,Alternative
31412,Rap
68549,Alternative
68580,Blues
56471,Country
66734,Electronic
49265,Anime
22571,Electronic
75548,Alternative
53582,Jazz
67535,Classical
43440,Country
63993,Alternative
70005,Country
32953,Blues
40379,Electronic
28507,Rap
29736,Electronic
45621,Rap
84202,Anime
69826,Blues
90566,Blues
79392,Blues
77764,Electronic
52823,Rap
89185,Alternative
26602,Jazz
34441,Rock
59375,Rap
56834,Alternative
21941,Country
38478,Electronic
30684,Rap
56890,Anime
28622,Country
59231,Rap
68965,Anime
86519,Anime
82322,Alternative
37539,Country
21337,Rap
64384,Rap
44600,Country
78544,Blues
90563,Classical
74481,Blues
54518,Alternative
81496,Rap
43788,Blues
82140,Classical
50866,Rap
87697,Classical
81322,Blues
71606,Alternative
74187,Electronic
46749,Country
61172,Rap
67379,Rap
43708,Rap
31697,Blues
48753,Alternative
86247,Electronic
39321,Jazz
81303,Rap
31700,Electronic
39283,Rock
86223,Electronic
36986,Jazz
69730,Electronic
31511,Alternative
21320,Anime
24362,Rock
81325,Rap
54702,Blues
25164,Electronic
29295,Alternative
28821,Blues
23465,Jazz
28266,Electronic
63607,Rap
43957,Rap
45417,Electronic
24786,Rap
29231,Jazz
28399,Blues
51688,Alternative
63677,Country
60857,Rap
46581,Jazz
90000,Classical
90721,Electronic
42199,Country
47069,Anime
37286,Rap
48423,Anime
69748,Anime
64209,Rap
78921,Alternative
53020,Rap
20954,Blues
51820,Electronic
64456,Electronic
73654,Blues
37470,Anime
36747,Anime
59316,Jazz
57868,Country
26108,Classical
90610,Hip-Hop
37401,Electronic
42836,Rap
60187,Jazz
76962,Anime
21987,Rap
25590,Blues
54053,Blues
91202,Rock
21776,Anime
52271,Rap
80021,Anime
39210,Country
49684,Anime
72272,Alternative
46932,Rap
63821,Country
67295,Blues
38117,Hip-Hop
65658,Country
77890,Alternative
46643,Rap
50459,Anime
27444,Rap
30281,Rap
68231,Rock
41288,Electronic
41813,Classical
27726,Rap
75946,Rap
37037,Blues
54477,Country
50421,Alternative
59966,Rock
60539,Electronic
39569,Blues
74179,Country
64859,Classical
37359,Blues
83532,Blues
67472,Alternative
20971,Country
35602,Blues
35064,Alternative
67376,Jazz
28369,Country
91357,Blues
89310,Country
42726,Anime
44658,Alternative
62922,Electronic
90371,Rock
67102,Rap
69093,Country
81680,Rock
59531,Rap
89899,Rap
71280,Anime
62992,Blues
91365,Classical
72376,Rap
72735,Anime
44626,Blues
65158,Country
54058,Blues
52768,Alternative
75154,Electronic
43079,Classical
54014,Blues
33317,Rap
90612,Rap
39582,Rock
80146,Rap
47524,Jazz
47873,Anime
89300,Jazz
89750,Blues
52408,Jazz
46562,Rock
68530,Electronic
72018,Rap
76114,Hip-Hop
43717,Country
77758,Electronic
87126,Blues
45711,Country
21913,Jazz
60284,Rap
58456,Rap
76953,Alternative
88097,Rap
39038,Anime
75244,Rap
84231,Electronic
28462,Electronic
49911,Rap
75113,Anime
56495,Rap
47770,Country
85033,Blues
76250,Blues
70831,Country
65544,Country
61329,Rap
43484,Blues
39269,Rock
33631,Anime
48703,Classical
37802,Blues
38253,Anime
37849,Anime
65720,Classical
48828,Alternative
62073,Country
34598,Rock
34309,Country
39308,Rock
70837,Rock
34894,Classical
87581,Rap
80606,Classical
37122,Alternative
24022,Country
89837,Blues
54084,Anime
45147,Country
20360,Country
53780,Alternative
60150,Electronic
37065,Rock
20465,Electronic
60222,Country
24232,Anime
69493,Jazz
50507,Electronic
21340,Alternative
57482,Alternative
77737,Country
22582,Blues
32651,Alternative
36782,Blues
44475,Rap
39313,Blues
75119,Alternative
45293,Rap
63054,Blues
26344,Electronic
35823,Classical
59101,Rap
26985,Country
44996,Country
74360,Rap
49080,Electronic
62952,Jazz
35107,Country
89338,Rock
76637,Country
59367,Electronic
22683,Alternative
63772,Rap
77616,Anime
85197,Rap
81252,Rap
46633,Anime
91354,Blues
34952,Electronic
51615,Blues
25525,Classical
47649,Blues
56748,Blues
83690,Electronic
31060,Blues
81822,Hip-Hop
65735,Country
52692,Rock
20884,Classical
90068,Blues
47129,Blues
34669,Alternative
21548,Blues
71953,Country
44816,Rap
23924,Jazz
89358,Rap
43198,Electronic
39563,Blues
49136,Blues
35228,Classical
51376,Rap
35377,Rap
30876,Alternative
83732,Rap
43852,Blues
44195,Electronic
73276,Rap
25204,Anime
56229,Blues
59023,Classical
38786,Anime
76358,Rap
47725,Anime
24256,Jazz
50014,Rap
46563,Rap
85858,Electronic
74524,Rock
74767,Blues
31011,Electronic
34767,Country
42385,Blues
52222,Blues
25067,Country
31184,Country
46433,Blues
49888,Country
72951,Anime
39957,Country
34259,Alternative
76364,Classical
80861,Rap
37808,Electronic
77717,Electronic
47064,Blues
90586,Electronic
73045,Alternative
63709,Blues
57809,Blues
64673,Electronic
23211,Blues
46582,Electronic
29112,Electronic
71956,Rap
33176,Anime
27864,Anime
86681,Blues
43449,Alternative
34772,Anime
51757,Blues
30910,Blues
66814,Alternative
21720,Country
39542,Blues
83059,Country
80772,Electronic
21700,Jazz
52270,Classical
56997,Alternative
62782,Electronic
79629,Alternative
78345,Blues
49627,Rock
20383,Rock
44918,Blues
31519,Blues
50227,Rock
65171,Classical
57200,Country
23736,Rap
58542,Alternative
57997,Electronic
72280,Country
79493,Rock
55552,Blues
83810,Rap
70337,Country
40368,Classical
71438,Anime
42328,Rap
59613,Electronic
55561,Electronic
89733,Rap
71254,Anime
65228,Electronic
70675,Country
72633,Electronic
54228,Classical
27418,Rap
73139,Electronic
71475,Country
68288,Country
40354,Alternative
43671,Alternative
87226,Country
40617,Blues
30969,Electronic
58891,Anime
57246,Country
84355,Country
78490,Jazz
46866,Electronic
64700,Anime
48630,Alternative
28028,Classical
81849,Rap
55223,Country
23950,Country
91310,Electronic
64499,Country
68413,Alternative
28528,Blues
31008,Rap
85674,Rap
40630,Rap
25401,Rap
49666,Blues
49291,Electronic
66277,Blues
89779,Alternative
20040,Alternative
76744,Anime
80590,Electronic
68027,Blues
30573,Rap
30014,Electronic
46225,Electronic
57168,Country
28191,Rap
39845,Anime
31747,Blues
79879,Rap
48775,Electronic
34267,Rap
37650,Electronic
75227,Anime
43188,Blues
76010,Blues
25670,Rap
39137,Blues
78156,Electronic
45953,Rock
29543,Rap
74482,Rap
22392,Hip-Hop
25804,Blues
47464,Electronic
29089,Anime
88310,Rap
61446,Rock
73368,Rap
86252,Classical
83700,Electronic
65036,Country
71722,Electronic
47861,Rap
64156,Classical
67741,Blues
22149,Electronic
82374,Electronic
38127,Country
78873,Jazz
74151,Electronic
69342,Blues
85438,Rap
84246,Hip-Hop
21037,Classical
88397,Blues
21876,Rap
86766,Country
63480,Rap
58807,Blues
70541,Country
42673,Blues
44685,Anime
88581,Country
65088,Alternative
20267,Country
62067,Blues
68121,Alternative
34387,Country
46272,Rap
72149,Classical
55904,Electronic
86710,Country
69485,Blues
56993,Rock
36283,Electronic
52357,Electronic
37101,Classical
38706,Anime
39180,Blues
70250,Classical
77272,Rap
84457,Blues
84793,Blues
64494,Anime
36468,Hip-Hop
33055,Rap
85625,Anime
75033,Country
30549,Rap
23092,Anime
33885,Country
22929,Alternative
65842,Blues
62094,Electronic
79213,Rock
87496,Blues
66881,Rap
43655,Rap
75219,Country
86007,Rap
89204,Rap
24317,Electronic
91162,Rock
77488,Alternative
49016,Alternative
46628,Blues
66629,Rock
22974,Rap
37543,Rap
22097,Country
24123,Anime
23432,Electronic
55218,Alternative
43637,Anime
73369,Electronic
72828,Classical
39764,Blues
86143,Electronic
52911,Jazz
36349,Alternative
28590,Alternative
36546,Electronic
38080,Anime
61479,Anime
70667,Electronic
84826,Rock
50808,Alternative
51720,Blues
24392,Rock
68320,Electronic
72497,Rap
22150,Alternative
21526,Blues
70374,Anime
28370,Jazz
90085,Anime
47124,Country
72471,Blues
30785,Blues
23582,Jazz
22719,Rap
86992,Rock
35754,Blues
77308,Hip-Hop
35575,Rap
76768,Rap
20395,Blues
31082,Electronic
90556,Electronic
31444,Alternative
74543,Country
62264,Country
41893,Blues
51643,Blues
54509,Rap
39678,Country
40266,Blues
82326,Rap
58307,Country
43837,Alternative
47659,Rap
50893,Rap
62337,Alternative
43364,Alternative
36837,Alternative
77343,Alternative
90511,Country
83958,Rock
86083,Alternative
26747,Rap
22853,Classical
65781,Country
64393,Country
89582,Electronic
47294,Anime
90464,Country
32779,Electronic
41788,Country
67522,Alternative
57562,Alternative
24961,Anime
45194,Hip-Hop
44317,Country
30018,Country
29423,Electronic
61643,Rock
84829,Rap
80355,Jazz
81489,Country
39973,Classical
78194,Electronic
23701,Blues
28226,Blues
89928,Blues
26335,Jazz
91284,Country
50221,Electronic
43923,Jazz
38209,Alternative
70169,Rap
22285,Rap
76724,Classical
20453,Rap
53082,Country
66558,Classical
68943,Country
82199,Anime
26018,Alternative
56562,Anime
74072,Classical
43073,Electronic
76614,Anime
54093,Rap
67728,Blues
89412,Blues
44634,Rap
64907,Jazz
88673,Electronic
57745,Classical
89952,Blues
55750,Electronic
43009,Rap
71077,Rap
27329,Electronic
60563,Rap
73772,Electronic
62166,Country
88208,Anime
48011,Anime
52100,Alternative
74691,Blues
27404,Blues
62652,Anime
81116,Electronic
70107,Hip-Hop
59649,Anime
73443,Rap
30259,Blues
25207,Blues
62411,Alternative
88202,Blues
69348,Blues
62065,Anime
75125,Blues
69209,Rock
87068,Rap
49352,Classical
49380,Blues
77988,Alternative
44070,Anime
58610,Electronic
50345,Alternative
49042,Blues
68063,Alternative
57796,Blues
28948,Anime
33931,Rap
74457,Electronic
26473,Rap
69015,Blues
36460,Blues
24513,Country
30015,Jazz
21727,Blues
85914,Blues
30641,Alternative
69335,Alternative
84974,Anime
48529,Rock
85844,Classical
66013,Country
59308,Rap
91524,Anime
37281,Electronic
57662,Country
54159,Country
23704,Rap
26195,Electronic
71485,Blues
56476,Country
34562,Blues
28650,Rap
57613,Electronic
60633,Anime
34057,Rap
74808,Classical
23124,Electronic
34664,Blues
84763,Alternative
40235,Rock
37246,Electronic
80625,Alternative
52760,Alternative
24743,Country
86739,Blues
50128,Blues
40472,Anime
45924,Electronic
83208,Hip-Hop
55706,Country
36072,Rap
79899,Blues
22577,Blues
72859,Electronic
59165,Blues
62177,Hip-Hop
74803,Blues
72387,Rock
87886,Anime
23288,Electronic
74536,Rap
39219,Blues
22139,Anime
81903,Alternative
91317,Alternative
32570,Country
33096,Blues
28818,Country
46843,Rock
91629,Rap
49617,Classical
74346,Electronic
49892,Country
80285,Blues
83680,Jazz
51304,Rock
69621,Electronic
61023,Country
83261,Rap
20786,Alternative
83785,Electronic
50081,Country
86043,Rock
24243,Electronic
34953,Rap
28904,Blues
56573,Anime
52216,Rap
75670,Anime
67175,Electronic
56904,Anime
32981,Electronic
28147,Anime
31827,Classical
44057,Electronic
30401,Anime
74393,Electronic
91203,Electronic
51571,Anime
36849,Country
29844,Electronic
37652,Jazz
51111,Anime
46197,Rap
36371,Blues
80292,Jazz
30873,Classical
63437,Blues
66412,Anime
26766,Alternative
66857,Hip-Hop
29282,Electronic
81589,Anime
30853,Electronic
39426,Alternative
61571,Country
52956,Anime
66869,Rap
87838,Electronic
45300,Country
45008,Rap
35950,Rap
23308,Alternative
83462,Classical
61955,Blues
50539,Country
46380,Country
54209,Country
83319,Country
62163,Hip-Hop
42541,Rap
51489,Anime
73303,Rap
38354,Country
74723,Rap
55699,Anime
45864,Anime
66012,Alternative
65848,Rock
36464,Rap
50348,Alternative
82744,Rap
53295,Rock
30256,Blues
43938,Country
42228,Rock
51695,Electronic
51237,Anime
80890,Country
46705,Anime
26666,Anime
56568,Classical
50577,Rock
76781,Electronic
44571,Rap
45526,Rap
90033,Rap
87413,Blues
27557,Blues
65209,Rap
62315,Alternative
78016,Rap
84340,Blues
41323,Rap
54358,Anime
71288,Alternative
20117,Country
46169,Country
83214,Anime
59581,Rap
38591,Rock
35987,Country
41593,Country
80309,Electronic
55791,Anime
24376,Blues
76148,Country
41762,Country
53145,Electronic
59523,Jazz
70900,Blues
58592,Country
38434,Rap
39635,Rock
67033,Jazz
20375,Blues
43615,Blues
62341,Blues
57724,Alternative
80635,Rap
46026,Blues
41748,Rap
90890,Anime
66413,Country
84928,Electronic
46145,Anime
21156,Rap
20581,Blues
84199,Blues
29208,Blues
79520,Electronic
62441,Classical
42265,Anime
70806,Classical
77848,Blues
75648,Rap
49026,Rap
35246,Country
51470,Country
51681,Country
44017,Electronic
36688,Country
76340,Country
60399,Rap
73616,Electronic
30693,Rock
90155,Electronic
26535,Classical
71278,Hip-Hop
68131,Alternative
20358,Blues
53425,Rap
81292,Anime
64374,Blues
48669,Country
53875,Blues
31975,Classical
76423,Blues
70598,Rock
47003,Anime
73661,Country
78936,Country
89023,Classical
73275,Classical
90867,Electronic
49520,Country
47085,Anime
68814,Blues
70478,Electronic
21796,Jazz
70936,Rap
44197,Alternative
65639,Blues
41293,Classical
83422,Country
81407,Anime
77036,Blues
43946,Electronic
39797,Classical
32828,Electronic
69698,Alternative
44642,Rap
67341,Blues
37722,Country
29313,Blues
78640,Alternative
23925,Electronic
56770,Anime
35847,Electronic
82661,Electronic
24484,Rap
60768,Rap
23945,Blues
82092,Classical
72987,Rap
58452,Alternative
43732,Rap
71896,Rap
59488,Rap
23641,Alternative
29557,Country
73387,Rap
43983,Jazz
37494,Hip-Hop
32415,Rap
76374,Alternative
30635,Rap
84984,Classical
67927,Blues
65771,Alternative
57781,Electronic
55735,Blues
37485,Blues
33891,Anime
42131,Blues
63313,Country
41638,Alternative
24494,Alternative
22110,Blues
83048,Blues
57804,Electronic
25430,Electronic
72183,Rap
85161,Electronic
88713,Blues
70599,Rock
54413,Electronic
88277,Anime
58344,Alternative
57368,Anime
55674,Blues
22501,Anime
66647,Alternative
79380,Country
86361,Electronic
59091,Country
54445,Rap
47781,Blues
36456,Alternative
58560,Jazz
63962,Anime
55241,Rock
55908,Rap
51492,Electronic
71051,Electronic
84781,Electronic
61565,Blues
27079,Anime
75937,Country
91061,Anime
85725,Country
27902,Anime
62328,Blues
28290,Rock
64195,Alternative
58096,Blues
50036,Blues
88173,Country
30100,Jazz
25660,Blues
30728,Country
85219,Rap
47996,Electronic
76138,Rap
80692,Electronic
46064,Jazz
37360,Rock
72084,Anime
23063,Electronic
26362,Electronic
72238,Rap
30498,Anime
89345,Anime
64559,Rap
82289,Rap
33021,Jazz
48331,Anime
22569,Classical
38918,Rap
91586,Blues
45022,Classical
45170,Rock
35094,Electronic
60622,Rap
45122,Blues
27477,Country
40609,Electronic
34573,Anime
21542,Blues
39497,Rap
44238,Blues
26788,Blues
82086,Rock
21596,Classical
82014,Electronic
66562,Electronic
44534,Rap
85331,Alternative
54162,Anime
39258,Rap
72349,Electronic
84880,Alternative
82675,Electronic
53177,Rap
84961,Classical
29191,Rap
70669,Country
68175,Rap
83196,Anime
25611,Country
67598,Rap
88181,Rap
66032,Classical
59802,Rap
49425,Rap
37614,Blues
45731,Rap
55390,Alternative
21310,Blues
53598,Blues
52415,Rock
65924,Rock
66293,Country
64910,Blues
23263,Blues
85687,Alternative
42151,Alternative
81969,Blues
25287,Rap
72242,Alternative
41700,Blues
78730,Rap
91221,Blues
88869,Country
73183,Blues
36676,Electronic
31302,Alternative
39835,Country
35639,Rap
77495,Rock
79779,Rap
89140,Country
60406,Rap
21464,Electronic
48138,Blues
48435,Electronic
32710,Rap
29714,Rap
66651,Rock
49014,Rap
70591,Country
73819,Rock
90526,Jazz
51256,Anime
28734,Blues
24727,Blues
55037,Blues
57988,Anime
25422,Alternative
65742,Electronic
64978,Classical
43250,Anime
41887,Country
29494,Electronic
78887,Electronic
57611,Alternative
20886,Blues
38232,Country
33088,Blues
30459,Anime
41509,Rock
43494,Rap
45177,Alternative
48013,Rap
79669,Anime
25755,Blues
21472,Rap
28890,Alternative
74447,Blues
25323,Electronic
89616,Alternative
37299,Country
53494,Alternative
32827,Rap
69683,Rock
23872,Anime
63974,Classical
37695,Rap
85700,Anime
50392,Blues
74375,Classical
63939,Blues
76767,Rap
45290,Blues
82757,Rap
65739,Rock
51604,Rock
87088,Blues
47913,Rap
57467,Blues
66622,Blues
39713,Country
37813,Rap
53952,Rap
79253,Rap
49583,Blues
52282,Electronic
36158,Blues
68681,Blues
26332,Alternative
20830,Blues
64079,Electronic
54124,Blues
53888,Country
87157,Anime
81472,Blues
20843,Alternative
27253,Electronic
25553,Alternative
80849,Rap
86283,Anime
86278,Blues
48804,Country
56436,Alternative
43471,Electronic
65177,Anime
38938,Anime
78310,Classical
49104,Electronic
69999,Country
74065,Rock
49880,Blues
87162,Blues
25961,Rap
49218,Blues
59664,Blues
30416,Anime
41979,Blues
41751,Blues
53820,Electronic
59182,Rap
30953,Rap
79506,Anime
79511,Blues
74900,Alternative
69817,Alternative
81691,Blues
55421,Rap
70401,Alternative
76315,Rap
52807,Anime
42690,Blues
33657,Rap
82047,Electronic
21497,Classical
21331,Blues
86624,Blues
27929,Rap
46890,Rap
68000,Electronic
77177,Alternative
53301,Blues
67215,Classical
24448,Country
46284,Hip-Hop
61653,Alternative
85626,Alternative
49890,Electronic
47558,Alternative
23188,Rap
74188,Electronic
58314,Blues
67904,Electronic
32300,Electronic
43353,Alternative
84798,Hip-Hop
32948,Rap
39487,Electronic
45697,Rap
77230,Jazz
70699,Anime
76142,Electronic
85868,Country
66184,Country
41189,Electronic
88634,Country
63137,Country
46020,Classical
23366,Classical
52590,Blues
78053,Electronic
58885,Alternative
26501,Blues
45476,Blues
21228,Anime
43110,Blues
58168,Country
87247,Hip-Hop
81042,Alternative
91451,Country
90769,Blues
67092,Alternative
22707,Jazz
60027,Rock
59372,Alternative
79614,Anime
42232,Classical
78566,Country
74323,Blues
35250,Rap
26487,Anime
77439,Rap
57556,Classical
74918,Classical
64763,Alternative
20207,Alternative
67874,Alternative
32150,Rock
74865,Jazz
87609,Alternative
75522,Blues
32168,Blues
29840,Country
86888,Classical
91604,Country
56690,Country
45586,Blues
67339,Rap
72145,Alternative
62311,Blues
67041,Blues
51227,Classical
68065,Anime
87058,Electronic
33411,Alternative
33551,Jazz
77419,Anime
79402,Alternative
74033,Blues
89481,Country
31686,Anime
23381,Rap
28307,Anime
83362,Electronic
26896,Blues
76758,Electronic
21770,Jazz
86294,Electronic
79063,Blues
37272,Rap
47235,Rock
23517,Blues
51149,Blues
41458,Rap
30552,Rock
91116,Blues
38405,Blues
33893,Electronic
72566,Rap
25542,Jazz
41098,Rock
44394,Jazz
70197,Electronic
56304,Alternative
86506,Rap
38665,Country
35445,Country
37843,Rap
36739,Electronic
37085,Blues
32762,Anime
46570,Country
24334,Electronic
27609,Blues
24748,Alternative
44270,Alternative
71516,Jazz
61853,Rock
37976,Rap
64340,Blues
83980,Anime
21351,Country
74994,Rock
45754,Jazz
25793,Electronic
36911,Blues
36950,Alternative
62781,Anime
85873,Rap
50557,Country
66597,Blues
75632,Blues
48653,Alternative
23020,Classical
25153,Electronic
67335,Alternative
53216,Classical
29536,Alternative
85300,Jazz
43981,Country
20762,Jazz
48238,Blues
88889,Blues
36639,Country
81059,Rap
21208,Blues
70362,Alternative
45062,Blues
62347,Alternative
28424,Electronic
60307,Electronic
44660,Country
84173,Alternative
58214,Jazz
32853,Electronic
65063,Rap
39861,Electronic
41054,Alternative
28826,Jazz
20700,Alternative
30870,Country
82378,Rap
39245,Electronic
63985,Country
39490,Blues
34909,Rap
67678,Rap
72731,Alternative
50954,Alternative
78108,Anime
27297,Blues
56808,Alternative
33865,Classical
28331,Alternative
88948,Rap
29152,Rap
45256,Blues
65950,Electronic
86650,Alternative
59817,Rock
53167,Classical
70702,Electronic
42880,Alternative
72998,Electronic
83458,Blues
60926,Electronic
21534,Rock
65268,Electronic
31123,Classical
70809,Classical
79491,Blues
20050,Country
58250,Electronic
50044,Rap
44445,Blues
46105,Country
61118,Country
25902,Anime
91559,Electronic
90719,Rap
89429,Anime
59615,Electronic
50006,Country
47651,Blues
32453,Electronic
54844,Anime
36734,Jazz
83307,Electronic
64429,Electronic
60702,Classical
39647,Country
64904,Country
28648,Alternative
75806,Alternative
26278,Country
57549,Country
65748,Blues
73287,Rap
30513,Rock
56319,Electronic
48586,Classical
35897,Blues
69808,Jazz
75701,Blues
64931,Rock
28749,Jazz
68085,Blues
89365,Country
47092,Rap
72589,Rap
90877,Country
62628,Blues
33549,Anime
50672,Country
80383,Rap
91327,Classical
39451,Electronic
76360,Country
59693,Classical
65790,Jazz
88908,Blues
55460,Rap
39533,Alternative
56296,Rap
32597,Rap
54946,Rock
60349,Electronic
50325,Blues
26165,Anime
75418,Country
91254,Electronic
66757,Blues
83366,Jazz
36271,Electronic
80009,Electronic
70441,Blues
85226,Rap
37838,Alternative
74749,Blues
46286,Rock
26352,Classical
22369,Classical
46769,Blues
73482,Rock
24409,Blues
87623,Country
31054,Blues
89801,Blues
41337,Rock
66708,Rock
60854,Rap
71518,Rap
30231,Rap
89498,Anime
30153,Anime
20504,Blues
44258,Classical
36508,Hip-Hop
29016,Electronic
80038,Country
63643,Rap
52593,Anime
83218,Electronic
71618,Electronic
69449,Blues
28736,Country
27425,Rap
36324,Classical
74771,Rap
87897,Classical
73861,Classical
25424,Country
54242,Classical
33620,Rap
48443,Anime
88529,Electronic
38694,Rap
77116,Anime
85371,Blues
57871,Country
71531,Anime
54707,Rap
32146,Blues
49699,Alternative
28707,Rap
90326,Blues
32424,Alternative
53209,Country
61022,Classical
71281,Alternative
87600,Country
43100,Alternative
21584,Rock
58841,Rap
61322,Electronic
66682,Blues
22639,Classical
50109,Electronic
79872,Electronic
58299,Blues
39094,Classical
34466,Country
38869,Electronic
36908,Electronic
91518,Blues
62115,Blues
29384,Country
59611,Rap
61491,Electronic
23147,Rock
30948,Electronic
43511,Country
21175,Country
35495,Alternative
48154,Electronic
69597,Rap
21375,Anime
47135,Anime
42333,Blues
50563,Rap
39727,Rock
34989,Rap
65760,Alternative
63024,Blues
48836,Rap
49258,Classical
68066,Electronic
41451,Blues
71745,Anime
71414,Electronic
31688,Country
36874,Rap
91646,Blues
89729,Electronic
71492,Rap
77126,Rap
38280,Alternative
35873,Blues
79127,Blues
90018,Electronic
59819,Anime
46900,Blues
89869,Blues
61860,Rap
77794,Anime
69743,Anime
68991,Country
55896,Classical
85715,Anime
69012,Alternative
48404,Anime
50194,Country
55689,Electronic
75017,Anime
66949,Blues
69596,Country
44215,Blues
87064,Alternative
32990,Alternative
61896,Rap
32534,Rap
21287,Classical
57785,Classical
69474,Jazz
32686,Alternative
21392,Blues
87431,Electronic
56876,Anime
80862,Country
35660,Rap
46173,Blues
25275,Rap
41818,Electronic
82240,Jazz
29770,Electronic
30593,Electronic
62184,Blues
61474,Country
57731,Rap
44511,Blues
84714,Electronic
74322,Country
87299,Country
47272,Electronic
80961,Anime
41095,Rap
83138,Country
80195,Rock
32520,Anime
36565,Country
81069,Classical
38263,Electronic
60573,Classical
73251,Blues
73223,Hip-Hop
49690,Rap
58347,Electronic
64887,Rock
64824,Rap
28635,Rock
32129,Classical
70529,Anime
33939,Blues
22659,Rap
51398,Rock
52703,Electronic
40584,Rap
23830,Blues
73019,Blues
41083,Alternative
31767,Rap
55905,Electronic
88574,Alternative
66514,Electronic
41032,Blues
82239,Anime
56038,Blues
29218,Classical
91686,Rap
25177,Jazz
48155,Alternative
88804,Classical
73211,Anime
40805,Classical
86809,Anime
21214,Rap
65618,Anime
62265,Electronic
39214,Alternative
51039,Blues
41292,Alternative
60998,Electronic
22713,Anime
45200,Electronic
52666,Rap
42623,Alternative
42649,Rap
51723,Anime
39946,Blues
58554,Country
20385,Anime
89106,Anime
82693,Blues
62243,Electronic
65683,Blues
84762,Blues
46640,Country
43866,Classical
82536,Alternative
39699,Rock
82923,Jazz
26668,Country
29203,Alternative
68854,Blues
30818,Rap
60003,Country
88193,Rap
58980,Alternative
52044,Rap
90483,Blues
24201,Country
75702,Alternative
88844,Electronic
32560,Jazz
27241,Classical
28480,Rap
70631,Alternative
80471,Blues
35781,Rap
28251,Rap
62855,Rock
50596,Anime
83949,Blues
25747,Anime
54341,Electronic
57899,Alternative
83119,Blues
88078,Electronic
65929,Electronic
29425,Alternative
32691,Rap
58804,Hip-Hop
68885,Anime
36173,Rock
34995,Classical
55179,Electronic
22818,Blues
40554,Country
79281,Alternative
58255,Blues
75178,Blues
70626,Hip-Hop
22408,Blues
73849,Classical
40768,Blues
38122,Rock
52829,Classical
53234,Blues
24685,Electronic
32082,Alternative
44313,Electronic
73314,Classical
51280,Rap
80357,Blues
58645,Alternative
80522,Alternative
84573,Jazz
58853,Alternative
56049,Electronic
34458,Rap
28618,Rap
34633,Blues
37348,Classical
83489,Rock
86886,Country
25557,Rap
31045,Electronic
63983,Blues
76288,Rap
62531,Electronic
49461,Country
39890,Anime
68960,Alternative
75277,Blues
89518,Alternative
60733,Rap
50910,Country
49831,Anime
70909,Country
56485,Blues
78985,Anime
52442,Anime
27760,Anime
74318,Rap
49962,Blues
51226,Anime
65290,Alternative
77437,Rock
61240,Rap
55194,Blues
33890,Anime
42581,Alternative
74264,Jazz
72032,Blues
59407,Electronic
67658,Alternative
33446,Country
45225,Classical
89135,Anime
42364,Electronic
81128,Anime
30120,Electronic
21045,Electronic
31284,Alternative
84446,Electronic
56921,Blues
91621,Rap
49328,Alternative
36706,Blues
53581,Electronic
80310,Electronic
89906,Rap
29103,Rap
28949,Rap
67714,Classical
42644,Classical
63433,Country
29922,Electronic
39228,Alternative
71972,Anime
32972,Electronic
23022,Classical
55576,Country
85423,Blues
32013,Blues
35045,Country
78620,Rap
60033,Country
75144,Anime
27688,Anime
42540,Classical
21297,Classical
79951,Electronic
68050,Electronic
76572,Rap
27090,Alternative
89688,Alternative
27128,Blues
72202,Country
40806,Rap
49697,Alternative
70344,Classical
60864,Rap
51768,Rap
45003,Blues
71778,Blues
76817,Blues
40828,Country
44993,Blues
44122,Electronic
74612,Blues
41430,Rap
62162,Jazz
45578,Blues
57259,Electronic
71987,Electronic
25035,Rap
63280,Blues
53988,Blues
58493,Electronic
41325,Rap
39872,Blues
51150,Hip-Hop
41960,Blues
37572,Rap
59880,Rap
42955,Anime
63226,Classical
43752,Classical
84912,Rap
34584,Rock
34280,Electronic
20650,Blues
41476,Anime
67393,Blues
35415,Rap
51305,Rock
82306,Country
26513,Country
58716,Electronic
66276,Classical
60245,Blues
59328,Electronic
22863,Hip-Hop
57943,Electronic
29311,Anime
59043,Blues
61733,Blues
78165,Country
88027,Anime
40034,Country
83158,Rap
45652,Electronic
69537,Country
21524,Blues
43765,Jazz
74041,Classical
31514,Anime
88188,Blues
75416,Electronic
62003,Blues
62409,Jazz
20730,Alternative
63126,Anime
24266,Blues
80172,Rap
32548,Blues
35785,Country
56518,Rap
61035,Anime
25859,Country
75624,Anime
37188,Country
22453,Classical
49074,Electronic
67113,Electronic
40330,Country
41839,Rap
27832,Anime
25689,Classical
60400,Blues
28902,Country
74814,Blues
49120,Electronic
90502,Rock
67997,Country
81866,Rap
81427,Electronic
78819,Electronic
20477,Alternative
81447,Anime
68166,Country
42270,Classical
90570,Rap
90542,Blues
59764,Anime
63416,Country
32844,Rap
66410,Blues
38754,Electronic
57397,Country
24895,Country
85111,Alternative
76544,Electronic
59796,Rap
57906,Electronic
52234,Jazz
41978,Country
33984,Jazz
35863,Rap
49940,Rap
58146,Alternative
86592,Electronic
87010,Blues
50082,Alternative
31016,Anime
51211,Blues
43404,Anime
53777,Blues
27075,Blues
36087,Classical
46731,Country
80170,Rap
34274,Alternative
21972,Blues
34193,Rap
89697,Alternative
33516,Rap
71984,Alternative
31581,Rap
86868,Rap
78440,Rap
72967,Jazz
45706,Rap
25867,Rap
57329,Blues
61077,Anime
68687,Alternative
48012,Rap
78268,Blues
32325,Classical
66649,Anime
36580,Rock
33094,Country
42759,Electronic
56920,Jazz
24377,Rap
54721,Country
32932,Anime
33976,Alternative
67296,Hip-Hop
48292,Rap
65194,Rap
43685,Rap
71453,Country
24357,Alternative
76509,Rap
73146,Blues
34654,Rap
88756,Electronic
55131,Rock
22331,Country
55189,Electronic
41996,Rap
56430,Rap
26294,Blues
52392,Blues
59456,Rap
38680,Rap
63857,Electronic
40004,Rap
29852,Blues
31781,Anime
47716,Classical
74334,Anime
57109,Classical
21404,Country
80346,Blues
48346,Electronic
81597,Country
23446,Alternative
53351,Alternative
63730,Alternative
68865,Alternative
86740,Electronic
86360,Rap
44153,Country
28967,Country
67912,Blues
65044,Rock
39209,Classical
27150,Rap
68180,Alternative
84741,Blues
36164,Electronic
30710,Blues
50010,Blues
90435,Country
62928,Country
89102,Classical
51335,Country
22396,Blues
89024,Anime
51516,Rap
60897,Classical
56407,Blues
65190,Alternative
53706,Rap
63938,Rock
58256,Alternative
22997,Rap
86901,Rap
43823,Anime
32832,Alternative
91240,Rap
77543,Rap
79967,Rap
66664,Alternative
76001,Rap
48363,Rap
68234,Jazz
50219,Jazz
27335,Jazz
79807,Rock
65214,Rock
90138,Electronic
35523,Blues
53878,Anime
85386,Classical
69341,Jazz
47052,Jazz
41980,Anime
86530,Blues
48403,Country
86158,Electronic
32292,Electronic
20251,Blues
82888,Alternative
73344,Blues
34938,Alternative
90679,Blues
84167,Jazz
33482,Alternative
47724,Blues
41760,Alternative
91293,Anime
87280,Anime
27568,Electronic
66322,Rap
29710,Country
76210,Electronic
83465,Electronic
70969,Blues
23052,Country
83542,Electronic
54250,Country
65362,Blues
68230,Rap
65571,Alternative
57178,Rap
65921,Blues
72369,Blues
66530,Country
42735,Blues
52922,Country
84756,Anime
55667,Country
54671,Country
23163,Country
89116,Rap
25226,Anime
25514,Rap
39816,Anime
79494,Rap
88157,Blues
27590,Classical
39769,Blues
76919,Blues
80223,Alternative
83986,Rap
20077,Alternative
36656,Country
66168,Country
43300,Country
82211,Rap
75999,Classical
78508,Classical
71489,Electronic
71218,Blues
28212,Rap
48445,Country
83983,Blues
29630,Alternative
72235,Electronic
77711,Anime
40137,Electronic
53588,Anime
80486,Alternative
89512,Anime
32014,Rap
49756,Rap
82181,Anime
51508,Alternative
44925,Electronic
55248,Rap
52077,Rap
67270,Alternative
20211,Rap
42280,Classical
91078,Rap
68915,Rap
91576,Alternative
79384,Electronic
59394,Country
32652,Alternative
66332,Alternative
28738,Classical
46811,Blues
81918,Anime
39728,Alternative
53188,Electronic
45647,Jazz
77005,Anime
50235,Anime
84467,Alternative
34689,Classical
33413,Blues
37777,Blues
38112,Blues
39971,Rap
44529,Rap
90067,Anime
22701,Rap
64071,Blues
52358,Electronic
22444,Rap
78680,Hip-Hop
21658,Blues
31806,Country
80517,Jazz
89428,Electronic
46423,Blues
74810,Rap
57380,Rap
44988,Country
72132,Electronic
73412,Rap
23543,Blues
83926,Anime
50443,Electronic
63618,Electronic
29575,Rap
35290,Rap
81244,Alternative
66996,Electronic
66164,Country
43048,Classical
37723,Blues
34795,Classical
66836,Rap
45997,Electronic
62738,Classical
85064,Hip-Hop
88628,Country
67563,Electronic
80617,Country
22112,Alternative
40531,Rap
29523,Electronic
39339,Anime
28721,Alternative
27856,Rock
87132,Anime
68671,Rap
34218,Electronic
25570,Blues
91208,Rap
91273,Electronic
37172,Rap
51917,Electronic
52930,Electronic
40928,Blues
24622,Blues
40701,Blues
36222,Rock
40045,Rap
78140,Blues
72446,Electronic
28636,Alternative
37015,Alternative
36651,Country
63124,Electronic
48152,Rap
34429,Alternative
28681,Country
29474,Electronic
89944,Rap
86129,Anime
46599,Anime
62155,Alternative
87335,Alternative
61171,Blues
32943,Classical
38757,Blues
44364,Country
27855,Electronic
60574,Classical
38936,Blues
68763,Country
45378,Alternative
81188,Country
89054,Alternative
53559,Anime
73731,Blues
89558,Rock
48274,Electronic
25225,Blues
22518,Electronic
84916,Rap
29594,Electronic
23239,Anime
53554,Blues
66534,Rap
37969,Classical
73774,Blues
22220,Rock
40142,Anime
56683,Blues
48348,Rock
63768,Blues
47008,Rap
34512,Country
64560,Rap
67250,Alternative
74484,Country
32238,Alternative
50549,Country
56824,Anime
25193,Rap
71447,Alternative
23513,Classical
61791,Alternative
90318,Anime
33750,Rap
33576,Rap
83822,Alternative
67059,Blues
54637,Alternative
76587,Blues
43742,Blues
81161,Classical
62118,Electronic
47039,Blues
36556,Anime
66661,Blues
51908,Electronic
39416,Rock
35834,Electronic
37904,Electronic
68547,Anime
34706,Rock
69564,Rap
86895,Classical
22541,Electronic
48432,Rock
33590,Rap
74609,Alternative
45206,Classical
39398,Electronic
35441,Blues
42883,Blues
56521,Country
20031,Alternative
27922,Rock
31429,Rock
67675,Rap
34225,Anime
22397,Electronic
48271,Electronic
63410,Rap
89985,Electronic
81154,Country
25091,Blues
62897,Electronic
74112,Rock
45179,Classical
62591,Electronic
48609,Classical
26210,Blues
86058,Rap
80191,Blues
71912,Country
24051,Alternative
54012,Blues
79149,Rap
40793,Blues
36791,Electronic
55200,Alternative
86061,Rap
27947,Rock
53861,Electronic
21601,Country
41414,Country
30335,Rap
27790,Rap
90932,Rap
30792,Rap
86292,Alternative
43883,Rock
89133,Alternative
70274,Rap
82154,Jazz
46577,Electronic
49834,Classical
72241,Rap
81227,Country
28530,Anime
44561,Alternative
51941,Rock
59445,Rap
31828,Rock
42703,Rap
63039,Classical
74872,Alternative
41405,Anime
72432,Blues
61270,Blues
64056,Rap
64788,Rap
82668,Country
46958,Jazz
83646,Rap
68911,Blues
21084,Rap
70327,Blues
30022,Jazz
54442,Rock
31599,Blues
61315,Country
45069,Electronic
56172,Blues
35676,Blues
32138,Rap
70269,Blues
66648,Electronic
45268,Country
28057,Rap
38688,Classical
20690,Rap
58196,Classical
60862,Rock
25864,Blues
54680,Country
78483,Electronic
84319,Blues
34344,Blues
77857,Hip-Hop
43662,Classical
38487,Electronic
54861,Rap
79123,Country
54891,Classical
74001,Country
52987,Rock
74435,Classical
64730,Classical
23793,Rock
77927,Blues
65704,Electronic
51038,Alternative
34414,Country
84149,Jazz
67845,Alternative
39820,Classical
59343,Electronic
30163,Country
43191,Alternative
74930,Rock
21591,Country
79559,Classical
73392,Hip-Hop
20611,Alternative
63898,Classical
67194,Classical
23828,Anime
55875,Rap
58354,Electronic
32585,Rap
87781,Rock
24531,Country
61337,Alternative
62039,Rap
85785,Alternative
28896,Anime
32301,Blues
21744,Rap
64431,Country
63290,Rap
62761,Electronic
21236,Rap
80601,Alternative
48059,Rap
68651,Blues
52893,Rock
63344,Alternative
88348,
50494,
63175,
83342,
65647,
62977,
35008,
88470,
86877,
43117,
62569,
88429,
37958,
63799,
50420,
33097,
20739,
28900,
81423,
89331,
63590,
42101,
90798,
58739,
77699,
60608,
46009,
54988,
55499,
42911,
80398,
77068,
62645,
59983,
74349,
80323,
82970,
20926,
62437,
79764,
38308,
53963,
50592,
85311,
41969,
59087,
44036,
54103,
39794,
53006,
65399,
84837,
46137,
64516,
87015,
41840,
38276,
73210,
83610,
33568,
25865,
77804,
58644,
47760,
76515,
20598,
67080,
21044,
41878,
70339,
81317,
40320,
28372,
37076,
79513,
25929,
83183,
25072,
51366,
48004,
50733,
74818,
23036,
77046,
67631,
69578,
82260,
54231,
37268,
37748,
40863,
80830,
22789,
71769,
22402,
67516,
68538,
71181,
55865,
88546,
51583,
55071,
86643,
68228,
46539,
51082,
50715,
33062,
83674,
32069,
53516,
20808,
57473,
37012,
33598,
46290,
55462,
53692,
54765,
55671,
70542,
50500,
70957,
78301,
36970,
54675,
78460,
50673,
20515,
32880,
37120,
55315,
51810,
25543,
70256,
90091,
90553,
62664,
74616,
65000,
45710,
31774,
36172,
40134,
69469,
43542,
54455,
50085,
85837,
91213,
41557,
30880,
22850,
85833,
68489,
49497,
49272,
73878,
64304,
79435,
64740,
22224,
85341,
50156,
35411,
88433,
76598,
84534,
84433,
32719,
28963,
25571,
40547,
71584,
71867,
61358,
73165,
31652,
66206,
41496,
47280,
51806,
56318,
33537,
74123,
69136,
75526,
44972,
64735,
66355,
32862,
49171,
85903,
45016,
25344,
66840,
88988,
51531,
41685,
74377,
71074,
46651,
65111,
53347,
55695,
56393,
84644,
60081,
58080,
28002,
54665,
76820,
78963,
32479,
76223,
76818,
72203,
88737,
47513,
66907,
54000,
46311,
39730,
66981,
25531,
89181,
59205,
88477,
86758,
72690,
46163,
27047,
88103,
69372,
46593,
80036,
81542,
76305,
42552,
74213,
64197,
55235,
63198,
45971,
24519,
32045,
46841,
87406,
20938,
77493,
34505,
50255,
68535,
20931,
20587,
45843,
37484,
63707,
79284,
75893,
36723,
84934,
89370,
26734,
60803,
83778,
60936,
81234,
74647,
87416,
89277,
81045,
59083,
50977,
65227,
37274,
29942,
28616,
75097,
46138,
87716,
63886,
75769,
51747,
75445,
86036,
50661,
23504,
70673,
88261,
30080,
39922,
86246,
33481,
20619,
56867,
81167,
81583,
48197,
51020,
80697,
39187,
85917,
64378,
71151,
51706,
63264,
38148,
37067,
87309,
39925,
49476,
90918,
69478,
77715,
76516,
32208,
77582,
62375,
91527,
21609,
48099,
65251,
27999,
38394,
48916,
34450,
61107,
20784,
34732,
70106,
64279,
36621,
82985,
60526,
90706,
86153,
72869,
54090,
75324,
25574,
36304,
31673,
46208,
91104,
36130,
41959,
39773,
38981,
88463,
85431,
49452,
82538,
81449,
82270,
35273,
20063,
45162,
75355,
54077,
44202,
83093,
60288,
76033,
30136,
58732,
60742,
77212,
50677,
24565,
88255,
21425,
76064,
53539,
54382,
78603,
69240,
64236,
23998,
34980,
49288,
74433,
42189,
84897,
86738,
27641,
41635,
84233,
84169,
80592,
71577,
37669,
51597,
32985,
34547,
81756,
61688,
43619,
87511,
48774,
60910,
26243,
56892,
75498,
32774,
48988,
44196,
74963,
68646,
57522,
88711,
59937,
57202,
90937,
91193,
71922,
55650,
70516,
22765,
49054,
31985,
60466,
42813,
30417,
45469,
41765,
33504,
88285,
39603,
70056,
39388,
26176,
32389,
31980,
72832,
76955,
62072,
32316,
86921,
59255,
57649,
67238,
29119,
53816,
80019,
36785,
78259,
89764,
48039,
31446,
88175,
55246,
52157,
57464,
30733,
59748,
27309,
52251,
51734,
90172,
33315,
62799,
73737,
54772,
40686,
65422,
60673,
40477,
79377,
26102,
48428,
83858,
20046,
49376,
55039,
90687,
34408,
63800,
57682,
51949,
62080,
53983,
74652,
31433,
42419,
72895,
53758,
36117,
66746,
68635,
70758,
22736,
60930,
73517,
31782,
55312,
39170,
74695,
36777,
43780,
75944,
67459,
73801,
33538,
66232,
45851,
32236,
78371,
51069,
32431,
48550,
79484,
66846,
34590,
63427,
33301,
70849,
40284,
76200,
26230,
21545,
86632,
60089,
20174,
43442,
65359,
58376,
32960,
83552,
68774,
31926,
85850,
32242,
74523,
50188,
52709,
70325,
75031,
76137,
58522,
82027,
83903,
62271,
57450,
78994,
43909,
30097,
55686,
23831,
65220,
85918,
57303,
71360,
24844,
91345,
76160,
43584,
54059,
78523,
39712,
23173,
34240,
22291,
86869,
75641,
23346,
77047,
57616,
74993,
41587,
21008,
48453,
22358,
83666,
23101,
88750,
55614,
45080,
43768,
50581,
45356,
35917,
59672,
20418,
38661,
62100,
62802,
20320,
25220,
49250,
87448,
27349,
48259,
44321,
37518,
45982,
40393,
83287,
91677,
35635,
38614,
64397,
46126,
60059,
84023,
27840,
52114,
58718,
88037,
71768,
33135,
24939,
87662,
24842,
32902,
84225,
27723,
51252,
49854,
51528,
23156,
31779,
66429,
67890,
63632,
23518,
71748,
81954,
57761,
60403,
49932,
34976,
41383,
72167,
29473,
30694,
65999,
22872,
49961,
72610,
81239,
47490,
37139,
52579,
26965,
65337,
37847,
67593,
76528,
88166,
23651,
49245,
67252,
61669,
77976,
23255,
49922,
53534,
64527,
53960,
30658,
57302,
25661,
89976,
51240,
81310,
29943,
73657,
31544,
84972,
53461,
64767,
46904,
52280,
68240,
22266,
25765,
77686,
91569,
66704,
65270,
76604,
47577,
87311,
27070,
48793,
87853,
58324,
85010,
38771,
23706,
69287,
79139,
81566,
84744,
84870,
56903,
31722,
45600,
54606,
40209,
73823,
74571,
33019,
29348,
35043,
30086,
73229,
49559,
81469,
26435,
74150,
47076,
59955,
53156,
88313,
58814,
52731,
41863,
73776,
56583,
29653,
27580,
51010,
72491,
87495,
44304,
67276,
46781,
64054,
84459,
53061,
23484,
36122,
46287,
33247,
90592,
67542,
24432,
73104,
56045,
57420,
80926,
82554,
79028,
84840,
51323,
49998,
78118,
69848,
88690,
32843,
74018,
57555,
23673,
37520,
22236,
63217,
30664,
87108,
79353,
42888,
45192,
25754,
87241,
29524,
82547,
90315,
67111,
74792,
44433,
39312,
86752,
23485,
69502,
28761,
58163,
32043,
33721,
31770,
29685,
90247,
40372,
53275,
85078,
37269,
74532,
26366,
22158,
21794,
55632,
60659,
76749,
34370,
65429,
49098,
81155,
50933,
70700,
55113,
43635,
68322,
24234,
37507,
27547,
48217,
54252,
56408,
35782,
88239,
83304,
46394,
54454,
20676,
37089,
89219,
57933,
22135,
34902,
60016,
74766,
47348,
56803,
61738,
21003,
41180,
90984,
27170,
43374,
62777,
64216,
24114,
34156,
40347,
49913,
46434,
53066,
56423,
53653,
24883,
89554,
65967,
66614,
78132,
46437,
61482,
53142,
82463,
39386,
40169,
38074,
45281,
54873,
53531,
40110,
40174,
38116,
23972,
67050,
73544,
71460,
58035,
53568,
27319,
41508,
42934,
35487,
48977,
73300,
66060,
64628,
78613,
58843,
71611,
24597,
59776,
71780,
70031,
61892,
59982,
20265,
48006,
41194,
60640,
88272,
37217,
49694,
28822,
91064,
25911,
21924,
29296,
40395,
43197,
67195,
53104,
49862,
22069,
65076,
38955,
68338,
49396,
51469,
52716,
56268,
24143,
37807,
84442,
28695,
58786,
71068,
20528,
29157,
65962,
39107,
39649,
87913,
83131,
77824,
74708,
21238,
60166,
27773,
88047,
77238,
69097,
88817,
44965,
85310,
41905,
68709,
56695,
76391,
86076,
23283,
86649,
67707,
83902,
29535,
59238,
36277,
81219,
53408,
42487,
27762,
55470,
38695,
86422,
86520,
82696,
42947,
72726,
58734,
24001,
76819,
67349,
84139,
22499,
39965,
26177,
78715,
73135,
29573,
82048,
77511,
42421,
30592,
60193,
48554,
36913,
27637,
91632,
88879,
31538,
74021,
24142,
40907,
25333,
26021,
48815,
24366,
80764,
37492,
63000,
89716,
23175,
20275,
51253,
43052,
50395,
66235,
81684,
89652,
25521,
75775,
56587,
86281,
55996,
87110,
65893,
56886,
45556,
34141,
31963,
68212,
20624,
82456,
82891,
50086,
88093,
33896,
46256,
67093,
59347,
52840,
76025,
76499,
66894,
40794,
53098,
51897,
34917,
68600,
73783,
68758,
50725,
23584,
28533,
89916,
83816,
73939,
86954,
33098,
36957,
59203,
55119,
38233,
31303,
70354,
85042,
31242,
82718,
50598,
42870,
38078,
48881,
32024,
47415,
37730,
36921,
76915,
57139,
21974,
61602,
87266,
91578,
70967,
71812,
56132,
44781,
81985,
49506,
81606,
51096,
89253,
57088,
74511,
23198,
64506,
58722,
44106,
83035,
68494,
22431,
69369,
36680,
37517,
32244,
70514,
78324,
47521,
28273,
83948,
68100,
50484,
77619,
40511,
68921,
41945,
55244,
44111,
22994,
53711,
20473,
71419,
30352,
42803,
24072,
42329,
34582,
58965,
75206,
46946,
25919,
88421,
57431,
27720,
80647,
89681,
51916,
87908,
30859,
87573,
72969,
24194,
68428,
36501,
63037,
34922,
54586,
30449,
29544,
75887,
56002,
48904,
83066,
23612,
62015,
80705,
81052,
39477,
74029,
56978,
71954,
69971,
65581,
44653,
64846,
44933,
33769,
26726,
81633,
69689,
60663,
64109,
85721,
65187,
84436,
69959,
40740,
65959,
77108,
79394,
35141,
29835,
44010,
56635,
90145,
70227,
71232,
58021,
58913,
64890,
36541,
69839,
36933,
60324,
29320,
40332,
88355,
83085,
56076,
40595,
86139,
26438,
34852,
80841,
90683,
60390,
80464,
54325,
22936,
80767,
84186,
32077,
48949,
80580,
56550,
78512,
55937,
23327,
78356,
90942,
81342,
62745,
85455,
72602,
53100,
64711,
56419,
84049,
52632,
33415,
35376,
75722,
55642,
22262,
30848,
58098,
67153,
47033,
42034,
63179,
52343,
46118,
73395,
56125,
50015,
55704,
20241,
25098,
91676,
49556,
54874,
42665,
59925,
73734,
66346,
31075,
61771,
85763,
47109,
61495,
33293,
31801,
78423,
64427,
46851,
23233,
24466,
69195,
66588,
43488,
50651,
71893,
42846,
86287,
73683,
89536,
36855,
33240,
68314,
35705,
91672,
75902,
63924,
91136,
51578,
31804,
52573,
75864,
22034,
42639,
48583,
35483,
35632,
52031,
87952,
82808,
69390,
78999,
83389,
74104,
41249,
89922,
74596,
35909,
23853,
69032,
41817,
48778,
68422,
50565,
55605,
29469,
48125,
63223,
81700,
35612,
48312,
20416,
37533,
25117,
27234,
24391,
72707,
22697,
56983,
24799,
60582,
74776,
61061,
52478,
27545,
57525,
90910,
21486,
79507,
90593,
49682,
78202,
83279,
25721,
40700,
58603,
33961,
38346,
85589,
50792,
29803,
91412,
68103,
33530,
25469,
62616,
53290,
76727,
76881,
91049,
50428,
80099,
29115,
55743,
44045,
49698,
66318,
83270,
34088,
39222,
53412,
60512,
42399,
32616,
91488,
50449,
77966,
88695,
26355,
78599,
62316,
28843,
71375,
46867,
79622,
84681,
22731,
26289,
52642,
73313,
72417,
75671,
89501,
40058,
87535,
48166,
32018,
77798,
28691,
47114,
83637,
35692,
38993,
39197,
68879,
34180,
83437,
71410,
32954,
85906,
47579,
55291,
49779,
31395,
46894,
82268,
66952,
44443,
24037,
77455,
63170,
58698,
21834,
76191,
50210,
81941,
67547,
26757,
39514,
83008,
50613,
34924,
54490,
65388,
66830,
72593,
35235,
91279,
69692,
76571,
53822,
82133,
77350,
22284,
87983,
75466,
30767,
51816,
60344,
34697,
50532,
26255,
67924,
79778,
47986,
